,Year,State,State.Minimum.Wage,State.Minimum.Wage.2020.Dollars,Federal.Minimum.Wage,Federal.Minimum.Wage.2020.Dollars,Effective.Minimum.Wage,Effective.Minimum.Wage.2020.Dollars,CPI.Average,Department.Of.Labor.Uncleaned.Data,Department.Of.Labor.Cleaned.Low.Value,Department.Of.Labor.Cleaned.Low.Value.2020.Dollars,Department.Of.Labor.Cleaned.High.Value,Department.Of.Labor.Cleaned.High.Value.2020.Dollars,Footnote,unemployment_rate
648,1980,Alabama,0.0,0.0,3.1,9.73,3.1,9.73,82.4,...,0.0,0.0,0.0,0.0,,8.9
649,1980,Alaska,3.6,11.3,3.1,9.73,3.6,11.3,82.4,3.6,3.6,11.3,3.6,11.3,,9.6
650,1980,Arizona,0.0,0.0,3.1,9.73,3.1,9.73,82.4,...,0.0,0.0,0.0,0.0,,6.6
651,1980,Arkansas,2.55,8.0,3.1,9.73,3.1,9.73,82.4,2.55,2.55,8.0,2.55,8.0,,7.6
652,1980,California,2.9,9.1,3.1,9.73,3.1,9.73,82.4,2.9,2.9,9.1,2.9,9.1,,6.8
653,1980,Colorado,1.9,5.96,3.1,9.73,3.1,9.73,82.4,1.9,1.9,5.96,1.9,5.96,,5.8
654,1980,Connecticut,3.12,9.79,3.1,9.73,3.12,9.79,82.4,3.12,3.12,9.79,3.12,9.79,,5.8
655,1980,Delaware,2.0,6.28,3.1,9.73,3.1,9.73,82.4,2,2.0,6.28,2.0,6.28,,7.6
656,1980,District of Columbia,2.5,7.85,3.1,9.73,3.1,9.73,82.4,2.50 - 3.50,2.5,7.85,3.5,10.99,,7.4
657,1980,Florida,0.0,0.0,3.1,9.73,3.1,9.73,82.4,...,0.0,0.0,0.0,0.0,,6.1
658,1980,Georgia,1.25,3.92,3.1,9.73,3.1,9.73,82.4,1.25,1.25,3.92,1.25,3.92,,6.3
660,1980,Hawaii,2.9,9.1,3.1,9.73,3.1,9.73,82.4,2.9,2.9,9.1,2.9,9.1,,5.0
661,1980,Idaho,2.3,7.22,3.1,9.73,3.1,9.73,82.4,2.3,2.3,7.22,2.3,7.22,,7.5
662,1980,Illinois,2.3,7.22,3.1,9.73,3.1,9.73,82.4,2.3,2.3,7.22,2.3,7.22,,8.2
663,1980,Indiana,2.0,6.28,3.1,9.73,3.1,9.73,82.4,2,2.0,6.28,2.0,6.28,,9.6
664,1980,Iowa,0.0,0.0,3.1,9.73,3.1,9.73,82.4,...,0.0,0.0,0.0,0.0,,6.0
665,1980,Kansas,1.6,5.02,3.1,9.73,3.1,9.73,82.4,1.6,1.6,5.02,1.6,5.02,,4.4
666,1980,Kentucky,2.15,6.75,3.1,9.73,3.1,9.73,82.4,2.15,2.15,6.75,2.15,6.75,,8.0
667,1980,Louisiana,0.0,0.0,3.1,9.73,3.1,9.73,82.4,...,0.0,0.0,0.0,0.0,,6.9
668,1980,Maine,3.1,9.73,3.1,9.73,3.1,9.73,82.4,3.1,3.1,9.73,3.1,9.73,,7.6
669,1980,Maryland,3.1,9.73,3.1,9.73,3.1,9.73,82.4,3.1,3.1,9.73,3.1,9.73,,6.6
670,1980,Massachusetts,3.1,9.73,3.1,9.73,3.1,9.73,82.4,3.1,3.1,9.73,3.1,9.73,,5.6
671,1980,Michigan,3.1,9.73,3.1,9.73,3.1,9.73,82.4,3.1,3.1,9.73,3.1,9.73,,12.3
672,1980,Minnesota,2.9,9.1,3.1,9.73,3.1,9.73,82.4,2.9,2.9,9.1,2.9,9.1,,5.8
673,1980,Mississippi,0.0,0.0,3.1,9.73,3.1,9.73,82.4,...,0.0,0.0,0.0,0.0,,7.4
674,1980,Missouri,0.0,0.0,3.1,9.73,3.1,9.73,82.4,...,0.0,0.0,0.0,0.0,,7.2
675,1980,Montana,2.0,6.28,3.1,9.73,3.1,9.73,82.4,2,2.0,6.28,2.0,6.28,,6.1
676,1980,Nebraska,1.6,5.02,3.1,9.73,3.1,9.73,82.4,1.6,1.6,5.02,1.6,5.02,,3.9
677,1980,Nevada,2.75,8.63,3.1,9.73,3.1,9.73,82.4,2.75,2.75,8.63,2.75,8.63,,6.2
678,1980,New Hampshire,3.1,9.73,3.1,9.73,3.1,9.73,82.4,3.1,3.1,9.73,3.1,9.73,,4.5
679,1980,New Jersey,3.1,9.73,3.1,9.73,3.1,9.73,82.4,3.1,3.1,9.73,3.1,9.73,,7.2
680,1980,New Mexico,2.65,8.32,3.1,9.73,3.1,9.73,82.4,2.65,2.65,8.32,2.65,8.32,,7.6
681,1980,New York,3.1,9.73,3.1,9.73,3.1,9.73,82.4,3.1,3.1,9.73,3.1,9.73,,7.5
682,1980,North Carolina,2.75,8.63,3.1,9.73,3.1,9.73,82.4,2.75,2.75,8.63,2.75,8.63,,6.4
683,1980,North Dakota,2.6,8.16,3.1,9.73,3.1,9.73,82.4,2.60 - 3.10,2.6,8.16,3.1,9.73,,4.9
684,1980,Ohio,2.3,7.22,3.1,9.73,3.1,9.73,82.4,2.3,2.3,7.22,2.3,7.22,,8.4
685,1980,Oklahoma,2.0,6.28,3.1,9.73,3.1,9.73,82.4,2,2.0,6.28,2.0,6.28,,4.4
686,1980,Oregon,2.9,9.1,3.1,9.73,3.1,9.73,82.4,2.9,2.9,9.1,2.9,9.1,,8.5
687,1980,Pennsylvania,3.1,9.73,3.1,9.73,3.1,9.73,82.4,3.1,3.1,9.73,3.1,9.73,,8.0
689,1980,Rhode Island,2.65,8.32,3.1,9.73,3.1,9.73,82.4,2.65,2.65,8.32,2.65,8.32,,7.2
690,1980,South Carolina,0.0,0.0,3.1,9.73,3.1,9.73,82.4,...,0.0,0.0,0.0,0.0,,6.7
691,1980,South Dakota,2.3,7.22,3.1,9.73,3.1,9.73,82.4,2.3,2.3,7.22,2.3,7.22,,4.8
692,1980,Tennessee,0.0,0.0,3.1,9.73,3.1,9.73,82.4,...,0.0,0.0,0.0,0.0,,7.4
693,1980,Texas,1.4,4.39,3.1,9.73,3.1,9.73,82.4,1.4,1.4,4.39,1.4,4.39,,5.1
695,1980,Utah,2.35,7.38,3.1,9.73,3.1,9.73,82.4,2.35 - 2.60(b),2.35,7.38,2.6,8.16,(b),6.2
696,1980,Vermont,3.1,9.73,3.1,9.73,3.1,9.73,82.4,3.1,3.1,9.73,3.1,9.73,,6.2
697,1980,Virginia,2.35,7.38,3.1,9.73,3.1,9.73,82.4,2.35,2.35,7.38,2.35,7.38,,5.2
698,1980,Washington,2.3,7.22,3.1,9.73,3.1,9.73,82.4,2.3,2.3,7.22,2.3,7.22,,8.1
699,1980,West Virginia,2.2,6.91,3.1,9.73,3.1,9.73,82.4,2.2,2.2,6.91,2.2,6.91,,9.5
700,1980,Wisconsin,3.0,9.42,3.1,9.73,3.1,9.73,82.4,3,3.0,9.42,3.0,9.42,,7.2
701,1980,Wyoming,1.6,5.02,3.1,9.73,3.1,9.73,82.4,1.6,1.6,5.02,1.6,5.02,,3.9
1188,1990,Alabama,0.0,0.0,3.35,6.63,3.35,6.63,130.7,...,0.0,0.0,0.0,0.0,,6.8
1189,1990,Alaska,3.85,7.62,3.35,6.63,3.85,7.62,130.7,3.85,3.85,7.62,3.85,7.62,,7.2
1190,1990,Arizona,0.0,0.0,3.35,6.63,3.35,6.63,130.7,...,0.0,0.0,0.0,0.0,,5.3
1191,1990,Arkansas,3.25,6.43,3.35,6.63,3.35,6.63,130.7,3.25,3.25,6.43,3.25,6.43,,6.9
1192,1990,California,3.35,6.63,3.35,6.63,3.35,6.63,130.7,3.35,3.35,6.63,3.35,6.63,,5.8
1193,1990,Colorado,3.0,5.94,3.35,6.63,3.35,6.63,130.7,3,3.0,5.94,3.0,5.94,,5.2
1194,1990,Connecticut,3.75,7.42,3.35,6.63,3.75,7.42,130.7,3.75,3.75,7.42,3.75,7.42,,5.1
1195,1990,Delaware,3.35,6.63,3.35,6.63,3.35,6.63,130.7,3.35,3.35,6.63,3.35,6.63,,4.7
1196,1990,District of Columbia,3.5,6.93,3.35,6.63,3.5,6.93,130.7,3.50 - 4.85,3.5,6.93,4.85,9.6,,6.3
1197,1990,Florida,0.0,0.0,3.35,6.63,3.35,6.63,130.7,...,0.0,0.0,0.0,0.0,,6.1
1198,1990,Georgia,3.25,6.43,3.35,6.63,3.35,6.63,130.7,3.25,3.25,6.43,3.25,6.43,,5.5
1200,1990,Hawaii,3.85,7.62,3.35,6.63,3.85,7.62,130.7,3.85,3.85,7.62,3.85,7.62,,2.7
1201,1990,Idaho,2.3,4.55,3.35,6.63,3.35,6.63,130.7,2.3,2.3,4.55,2.3,4.55,,5.5
1202,1990,Illinois,3.35,6.63,3.35,6.63,3.35,6.63,130.7,3.35,3.35,6.63,3.35,6.63,,6.1
1203,1990,Indiana,2.0,3.96,3.35,6.63,3.35,6.63,130.7,2,2.0,3.96,2.0,3.96,,5.3
1204,1990,Iowa,0.0,0.0,3.35,6.63,3.35,6.63,130.7,...,0.0,0.0,0.0,0.0,,4.4
1205,1990,Kansas,1.6,3.17,3.35,6.63,3.35,6.63,130.7,1.6,1.6,3.17,1.6,3.17,,4.3
1206,1990,Kentucky,3.35,6.63,3.35,6.63,3.35,6.63,130.7,3.35,3.35,6.63,3.35,6.63,,6.0
1207,1990,Louisiana,0.0,0.0,3.35,6.63,3.35,6.63,130.7,...,0.0,0.0,0.0,0.0,,6.2
1208,1990,Maine,3.65,7.22,3.35,6.63,3.65,7.22,130.7,3.65,3.65,7.22,3.65,7.22,,5.3
1209,1990,Maryland,3.35,6.63,3.35,6.63,3.35,6.63,130.7,3.35,3.35,6.63,3.35,6.63,,4.5
1210,1990,Massachusetts,3.65,7.22,3.35,6.63,3.65,7.22,130.7,3.65,3.65,7.22,3.65,7.22,,6.3
1211,1990,Michigan,3.35,6.63,3.35,6.63,3.35,6.63,130.7,3.35,3.35,6.63,3.35,6.63,,7.6
1212,1990,Minnesota,3.55,7.03,3.35,6.63,3.55,7.03,130.7,3.55 & 3.50(f),3.55,7.03,3.5,6.93,(f),4.8
1213,1990,Mississippi,0.0,0.0,3.35,6.63,3.35,6.63,130.7,...,0.0,0.0,0.0,0.0,,7.6
1214,1990,Missouri,0.0,0.0,3.35,6.63,3.35,6.63,130.7,...,0.0,0.0,0.0,0.0,,5.8
1215,1990,Montana,3.35,6.63,3.35,6.63,3.35,6.63,130.7,3.35,3.35,6.63,3.35,6.63,,6.0
1216,1990,Nebraska,3.35,6.63,3.35,6.63,3.35,6.63,130.7,3.35,3.35,6.63,3.35,6.63,,2.3
1217,1990,Nevada,3.35,6.63,3.35,6.63,3.35,6.63,130.7,3.35,3.35,6.63,3.35,6.63,,4.7
1218,1990,New Hampshire,3.55,7.03,3.35,6.63,3.55,7.03,130.7,3.55,3.55,7.03,3.55,7.03,,5.7
1219,1990,New Jersey,3.35,6.63,3.35,6.63,3.35,6.63,130.7,3.35,3.35,6.63,3.35,6.63,,5.0
1220,1990,New Mexico,3.35,6.63,3.35,6.63,3.35,6.63,130.7,3.35,3.35,6.63,3.35,6.63,,6.6
1221,1990,New York,3.35,6.63,3.35,6.63,3.35,6.63,130.7,3.35,3.35,6.63,3.35,6.63,,5.3
1222,1990,North Carolina,3.35,6.63,3.35,6.63,3.35,6.63,130.7,3.35,3.35,6.63,3.35,6.63,,4.1
1223,1990,North Dakota,2.8,5.54,3.35,6.63,3.35,6.63,130.7,2.80 - 3.10,2.8,5.54,3.1,6.14,,4.0
1224,1990,Ohio,2.3,4.55,3.35,6.63,3.35,6.63,130.7,2.3,2.3,4.55,2.3,4.55,,5.6
1225,1990,Oklahoma,3.35,6.63,3.35,6.63,3.35,6.63,130.7,3.35,3.35,6.63,3.35,6.63,,5.7
1226,1990,Oregon,3.35,6.63,3.35,6.63,3.35,6.63,130.7,3.35,3.35,6.63,3.35,6.63,,5.5
1227,1990,Pennsylvania,3.35,6.63,3.35,6.63,3.35,6.63,130.7,3.35,3.35,6.63,3.35,6.63,,5.5
1229,1990,Rhode Island,3.65,7.22,3.35,6.63,3.65,7.22,130.7,3.65,3.65,7.22,3.65,7.22,,6.3
1230,1990,South Carolina,0.0,0.0,3.35,6.63,3.35,6.63,130.7,...,0.0,0.0,0.0,0.0,,4.8
1231,1990,South Dakota,2.8,5.54,3.35,6.63,3.35,6.63,130.7,2.8,2.8,5.54,2.8,5.54,,3.8
1232,1990,Tennessee,0.0,0.0,3.35,6.63,3.35,6.63,130.7,...,0.0,0.0,0.0,0.0,,5.3
1233,1990,Texas,3.35,6.63,3.35,6.63,3.35,6.63,130.7,3.35,3.35,6.63,3.35,6.63,,6.3
1235,1990,Utah,2.5,4.95,3.35,6.63,3.35,6.63,130.7,2.50 - 2.75(b),2.5,4.95,2.75,5.44,(b),4.4
1236,1990,Vermont,3.55,7.03,3.35,6.63,3.55,7.03,130.7,3.55,3.55,7.03,3.55,7.03,,5.0
1237,1990,Virginia,2.65,5.24,3.35,6.63,3.35,6.63,130.7,2.65,2.65,5.24,2.65,5.24,,4.5
1238,1990,Washington,2.3,4.55,3.35,6.63,3.35,6.63,130.7,2.3,2.3,4.55,2.3,4.55,,5.2
1239,1990,West Virginia,3.35,6.63,3.35,6.63,3.35,6.63,130.7,3.35,3.35,6.63,3.35,6.63,,8.5
1240,1990,Wisconsin,3.35,6.63,3.35,6.63,3.35,6.63,130.7,3.35,3.35,6.63,3.35,6.63,,4.4
1241,1990,Wyoming,1.6,3.17,3.35,6.63,3.35,6.63,130.7,1.6,1.6,3.17,1.6,3.17,,5.3
1728,2000,Alabama,0.0,0.0,5.15,7.74,5.15,7.74,172.2,...,0.0,0.0,0.0,0.0,,4.6
1729,2000,Alaska,5.65,8.49,5.15,7.74,5.65,8.49,172.2,5.65,5.65,8.49,5.65,8.49,,6.4
1730,2000,Arizona,0.0,0.0,5.15,7.74,5.15,7.74,172.2,...,0.0,0.0,0.0,0.0,,4.0
1731,2000,Arkansas,5.15,7.74,5.15,7.74,5.15,7.74,172.2,5.15[c],5.15,7.74,5.15,7.74,[c],4.3
1732,2000,California,5.75,8.64,5.15,7.74,5.75,8.64,172.2,5.75,5.75,8.64,5.75,8.64,,4.9
1733,2000,Colorado,5.15,7.74,5.15,7.74,5.15,7.74,172.2,5.15,5.15,7.74,5.15,7.74,,2.8
1734,2000,Connecticut,6.15,9.24,5.15,7.74,6.15,9.24,172.2,6.15,6.15,9.24,6.15,9.24,,2.4
1735,2000,Delaware,5.65,8.49,5.15,7.74,5.65,8.49,172.2,5.65,5.65,8.49,5.65,8.49,,3.7
1736,2000,District of Columbia,6.15,9.24,5.15,7.74,6.15,9.24,172.2,6.15,6.15,9.24,6.15,9.24,,5.6
1737,2000,Florida,0.0,0.0,5.15,7.74,5.15,7.74,172.2,...,0.0,0.0,0.0,0.0,,3.7
1738,2000,Georgia,3.25,4.88,5.15,7.74,5.15,7.74,172.2,3.25(d),3.25,4.88,3.25,4.88,(d),3.6
1740,2000,Hawaii,5.25,7.89,5.15,7.74,5.25,7.89,172.2,5.25,5.25,7.89,5.25,7.89,,4.2
1741,2000,Idaho,5.15,7.74,5.15,7.74,5.15,7.74,172.2,5.15,5.15,7.74,5.15,7.74,,4.7
1742,2000,Illinois,5.15,7.74,5.15,7.74,5.15,7.74,172.2,5.15[c],5.15,7.74,5.15,7.74,[c],4.3
1743,2000,Indiana,5.15,7.74,5.15,7.74,5.15,7.74,172.2,5.15(e),5.15,7.74,5.15,7.74,(e),3.1
1744,2000,Iowa,5.15,7.74,5.15,7.74,5.15,7.74,172.2,5.15,5.15,7.74,5.15,7.74,,2.6
1745,2000,Kansas,2.65,3.98,5.15,7.74,5.15,7.74,172.2,2.65,2.65,3.98,2.65,3.98,,3.6
1746,2000,Kentucky,5.15,7.74,5.15,7.74,5.15,7.74,172.2,5.15,5.15,7.74,5.15,7.74,,4.2
1747,2000,Louisiana,0.0,0.0,5.15,7.74,5.15,7.74,172.2,...,0.0,0.0,0.0,0.0,,5.3
1748,2000,Maine,5.15,7.74,5.15,7.74,5.15,7.74,172.2,5.15,5.15,7.74,5.15,7.74,,3.4
1749,2000,Maryland,5.15,7.74,5.15,7.74,5.15,7.74,172.2,5.15,5.15,7.74,5.15,7.74,,3.6
1750,2000,Massachusetts,6.0,9.01,5.15,7.74,6.0,9.01,172.2,6,6.0,9.01,6.0,9.01,,2.7
1751,2000,Michigan,5.15,7.74,5.15,7.74,5.15,7.74,172.2,5.15(e),5.15,7.74,5.15,7.74,(e),3.6
1752,2000,Minnesota,4.9,7.36,5.15,7.74,5.15,7.74,172.2,4.90 - 5.15(g),4.9,7.36,5.15,7.74,(g),3.2
1753,2000,Mississippi,0.0,0.0,5.15,7.74,5.15,7.74,172.2,...,0.0,0.0,0.0,0.0,,5.4
1754,2000,Missouri,5.15,7.74,5.15,7.74,5.15,7.74,172.2,5.15,5.15,7.74,5.15,7.74,,3.6
1755,2000,Montana,4.0,6.01,5.15,7.74,5.15,7.74,172.2,4.00 - 5.15(g),4.0,6.01,5.15,7.74,(g),5.0
1756,2000,Nebraska,5.15,7.74,5.15,7.74,5.15,7.74,172.2,5.15[c],5.15,7.74,5.15,7.74,[c],2.8
1757,2000,Nevada,5.15,7.74,5.15,7.74,5.15,7.74,172.2,5.15,5.15,7.74,5.15,7.74,,4.2
1758,2000,New Hampshire,5.15,7.74,5.15,7.74,5.15,7.74,172.2,5.15,5.15,7.74,5.15,7.74,,2.7
1759,2000,New Jersey,5.15,7.74,5.15,7.74,5.15,7.74,172.2,5.15,5.15,7.74,5.15,7.74,,3.7
1760,2000,New Mexico,4.25,6.38,5.15,7.74,5.15,7.74,172.2,4.25,4.25,6.38,4.25,6.38,,4.9
1761,2000,New York,4.25,6.38,5.15,7.74,5.15,7.74,172.2,4.25,4.25,6.38,4.25,6.38,,4.5
1762,2000,North Carolina,5.15,7.74,5.15,7.74,5.15,7.74,172.2,5.15,5.15,7.74,5.15,7.74,,3.7
1763,2000,North Dakota,5.15,7.74,5.15,7.74,5.15,7.74,172.2,5.15,5.15,7.74,5.15,7.74,,3.0
1764,2000,Ohio,2.8,4.21,5.15,7.74,5.15,7.74,172.2,2.80 - 4.25(g),2.8,4.21,4.25,6.38,(g),4.0
1765,2000,Oklahoma,2.0,3.0,5.15,7.74,5.15,7.74,172.2,2.00 - 5.15(g),2.0,3.0,5.15,7.74,(g),3.0
1766,2000,Oregon,6.5,9.76,5.15,7.74,6.5,9.76,172.2,6.5,6.5,9.76,6.5,9.76,,5.1
1767,2000,Pennsylvania,5.15,7.74,5.15,7.74,5.15,7.74,172.2,5.15,5.15,7.74,5.15,7.74,,4.1
1769,2000,Rhode Island,5.65,8.49,5.15,7.74,5.65,8.49,172.2,5.65,5.65,8.49,5.65,8.49,,4.1
1770,2000,South Carolina,0.0,0.0,5.15,7.74,5.15,7.74,172.2,...,0.0,0.0,0.0,0.0,,3.8
1771,2000,South Dakota,5.15,7.74,5.15,7.74,5.15,7.74,172.2,5.15,5.15,7.74,5.15,7.74,,2.5
1772,2000,Tennessee,0.0,0.0,5.15,7.74,5.15,7.74,172.2,...,0.0,0.0,0.0,0.0,,3.9
1773,2000,Texas,3.35,5.03,5.15,7.74,5.15,7.74,172.2,3.35,3.35,5.03,3.35,5.03,,4.3
1775,2000,Utah,5.15,7.74,5.15,7.74,5.15,7.74,172.2,5.15,5.15,7.74,5.15,7.74,,3.3
1776,2000,Vermont,5.75,8.64,5.15,7.74,5.75,8.64,172.2,5.75(e),5.75,8.64,5.75,8.64,(e),2.8
1777,2000,Virginia,5.15,7.74,5.15,7.74,5.15,7.74,172.2,5.15[c],5.15,7.74,5.15,7.74,[c],2.3
1778,2000,Washington,6.5,9.76,5.15,7.74,6.5,9.76,172.2,6.5,6.5,9.76,6.5,9.76,,5.2
1779,2000,West Virginia,5.15,7.74,5.15,7.74,5.15,7.74,172.2,5.15(d),5.15,7.74,5.15,7.74,(d),5.5
1780,2000,Wisconsin,5.15,7.74,5.15,7.74,5.15,7.74,172.2,5.15,5.15,7.74,5.15,7.74,,3.5
1781,2000,Wyoming,1.6,2.4,5.15,7.74,5.15,7.74,172.2,1.6,1.6,2.4,1.6,2.4,,3.9
2268,2010,Alabama,0.0,0.0,7.25,8.6,7.25,8.6,218.05599999999998,...,0.0,0.0,0.0,0.0,,10.5
2269,2010,Alaska,7.75,9.19,7.25,8.6,7.75,9.19,218.05599999999998,7.75,7.75,9.19,7.75,9.19,,7.9
2270,2010,Arizona,7.25,8.6,7.25,8.6,7.25,8.6,218.05599999999998,7.25,7.25,8.6,7.25,8.6,,10.4
2271,2010,Arkansas,6.25,7.41,7.25,8.6,7.25,8.6,218.05599999999998,6.25[c],6.25,7.41,6.25,7.41,[c],8.2
2272,2010,California,8.0,9.49,7.25,8.6,8.0,9.49,218.05599999999998,8,8.0,9.49,8.0,9.49,,12.2
2273,2010,Colorado,7.24,8.59,7.25,8.6,7.25,8.6,218.05599999999998,7.24,7.24,8.59,7.24,8.59,,8.7
2274,2010,Connecticut,8.25,9.79,7.25,8.6,8.25,9.79,218.05599999999998,8.25,8.25,9.79,8.25,9.79,,9.1
2275,2010,Delaware,7.25,8.6,7.25,8.6,7.25,8.6,218.05599999999998,7.25,7.25,8.6,7.25,8.6,,8.4
2276,2010,District of Columbia,8.25,9.79,7.25,8.6,8.25,9.79,218.05599999999998,8.25,8.25,9.79,8.25,9.79,,9.4
2277,2010,Florida,7.25,8.6,7.25,8.6,7.25,8.6,218.05599999999998,7.25,7.25,8.6,7.25,8.6,,11.1
2278,2010,Georgia,5.15,6.11,7.25,8.6,7.25,8.6,218.05599999999998,5.15(d),5.15,6.11,5.15,6.11,(d),10.5
2280,2010,Hawaii,7.25,8.6,7.25,8.6,7.25,8.6,218.05599999999998,7.25,7.25,8.6,7.25,8.6,,6.9
2281,2010,Idaho,7.25,8.6,7.25,8.6,7.25,8.6,218.05599999999998,7.25,7.25,8.6,7.25,8.6,,9.0
2282,2010,Illinois,8.25,9.79,7.25,8.6,8.25,9.79,218.05599999999998,8.25[c],8.25,9.79,8.25,9.79,[c],10.4
2283,2010,Indiana,7.25,8.6,7.25,8.6,7.25,8.6,218.05599999999998,7.25(e),7.25,8.6,7.25,8.6,(e),10.4
2284,2010,Iowa,7.25,8.6,7.25,8.6,7.25,8.6,218.05599999999998,7.25,7.25,8.6,7.25,8.6,,6.0
2285,2010,Kansas,7.25,8.6,7.25,8.6,7.25,8.6,218.05599999999998,7.25,7.25,8.6,7.25,8.6,,7.1
2286,2010,Kentucky,7.25,8.6,7.25,8.6,7.25,8.6,218.05599999999998,7.25,7.25,8.6,7.25,8.6,,10.2
2287,2010,Louisiana,0.0,0.0,7.25,8.6,7.25,8.6,218.05599999999998,...,0.0,0.0,0.0,0.0,,8.0
2288,2010,Maine,7.5,8.9,7.25,8.6,7.5,8.9,218.05599999999998,7.5,7.5,8.9,7.5,8.9,,8.1
2289,2010,Maryland,7.25,8.6,7.25,8.6,7.25,8.6,218.05599999999998,7.25,7.25,8.6,7.25,8.6,,7.7
2290,2010,Massachusetts,8.0,9.49,7.25,8.6,8.0,9.49,218.05599999999998,8,8.0,9.49,8.0,9.49,,8.3
2291,2010,Michigan,7.4,8.78,7.25,8.6,7.4,8.78,218.05599999999998,7.40(e),7.4,8.78,7.4,8.78,(e),12.6
2292,2010,Minnesota,5.25,6.23,7.25,8.6,7.25,8.6,218.05599999999998,5.25-6.15(g),5.25,6.23,6.15,7.3,(g),7.4
2293,2010,Mississippi,0.0,0.0,7.25,8.6,7.25,8.6,218.05599999999998,...,0.0,0.0,0.0,0.0,,10.4
2294,2010,Missouri,7.25,8.6,7.25,8.6,7.25,8.6,218.05599999999998,7.25,7.25,8.6,7.25,8.6,,9.6
2295,2010,Montana,4.0,4.74,7.25,8.6,7.25,8.6,218.05599999999998,4.00-7.25(g),4.0,4.74,7.25,8.6,(g),7.3
2296,2010,Nebraska,7.25,8.6,7.25,8.6,7.25,8.6,218.05599999999998,7.25[c],7.25,8.6,7.25,8.6,[c],4.6
2297,2010,Nevada,6.55,7.77,7.25,8.6,7.25,8.6,218.05599999999998,6.55-7.55,6.55,7.77,7.55,8.96,,13.5
2298,2010,New Hampshire,7.25,8.6,7.25,8.6,7.25,8.6,218.05599999999998,7.25,7.25,8.6,7.25,8.6,,5.8
2299,2010,New Jersey,7.25,8.6,7.25,8.6,7.25,8.6,218.05599999999998,7.25,7.25,8.6,7.25,8.6,,9.5
2300,2010,New Mexico,7.5,8.9,7.25,8.6,7.5,8.9,218.05599999999998,7.5,7.5,8.9,7.5,8.9,,8.1
2301,2010,New York,7.25,8.6,7.25,8.6,7.25,8.6,218.05599999999998,7.25,7.25,8.6,7.25,8.6,,8.6
2302,2010,North Carolina,7.25,8.6,7.25,8.6,7.25,8.6,218.05599999999998,7.25,7.25,8.6,7.25,8.6,,10.9
2303,2010,North Dakota,7.25,8.6,7.25,8.6,7.25,8.6,218.05599999999998,7.25,7.25,8.6,7.25,8.6,,3.8
2304,2010,Ohio,7.3,8.66,7.25,8.6,7.3,8.66,218.05599999999998,7.3,7.3,8.66,7.3,8.66,,10.3
2305,2010,Oklahoma,2.0,2.37,7.25,8.6,7.25,8.6,218.05599999999998,2.00-7.25(g),2.0,2.37,7.25,8.6,(g),6.8
2306,2010,Oregon,8.4,9.96,7.25,8.6,8.4,9.96,218.05599999999998,8.4,8.4,9.96,8.4,9.96,,10.6
2307,2010,Pennsylvania,7.25,8.6,7.25,8.6,7.25,8.6,218.05599999999998,7.25,7.25,8.6,7.25,8.6,,8.5
2309,2010,Rhode Island,7.4,8.78,7.25,8.6,7.4,8.78,218.05599999999998,7.4,7.4,8.78,7.4,8.78,,11.2
2310,2010,South Carolina,0.0,0.0,7.25,8.6,7.25,8.6,218.05599999999998,...,0.0,0.0,0.0,0.0,,11.2
2311,2010,South Dakota,7.25,8.6,7.25,8.6,7.25,8.6,218.05599999999998,7.25,7.25,8.6,7.25,8.6,,5.0
2312,2010,Tennessee,0.0,0.0,7.25,8.6,7.25,8.6,218.05599999999998,...,0.0,0.0,0.0,0.0,,9.7
2313,2010,Texas,7.25,8.6,7.25,8.6,7.25,8.6,218.05599999999998,7.25,7.25,8.6,7.25,8.6,,8.1
2315,2010,Utah,7.25,8.6,7.25,8.6,7.25,8.6,218.05599999999998,7.25,7.25,8.6,7.25,8.6,,7.8
2316,2010,Vermont,8.06,9.56,7.25,8.6,8.06,9.56,218.05599999999998,8.06(e),8.06,9.56,8.06,9.56,(e),6.1
2317,2010,Virginia,7.25,8.6,7.25,8.6,7.25,8.6,218.05599999999998,7.25[c],7.25,8.6,7.25,8.6,[c],7.1
2318,2010,Washington,8.55,10.14,7.25,8.6,8.55,10.14,218.05599999999998,8.55,8.55,10.14,8.55,10.14,,10.0
2319,2010,West Virginia,7.25,8.6,7.25,8.6,7.25,8.6,218.05599999999998,7.25,7.25,8.6,7.25,8.6,,8.7
2320,2010,Wisconsin,7.25,8.6,7.25,8.6,7.25,8.6,218.05599999999998,7.25,7.25,8.6,7.25,8.6,,8.7
2321,2010,Wyoming,5.15,6.11,7.25,8.6,7.25,8.6,218.05599999999998,5.15,5.15,6.11,5.15,6.11,,6.4
2646,2017,Alabama,0.0,0.0,7.25,7.65,7.25,7.65,245.12,...,0.0,0.0,0.0,0.0,,4.4
2647,2017,Alaska,9.8,10.34,7.25,7.65,9.8,10.34,245.12,9.8,9.8,10.34,9.8,10.34,,7.0
2648,2017,Arizona,10.0,10.55,7.25,7.65,10.0,10.55,245.12,10,10.0,10.55,10.0,10.55,,4.9
2649,2017,Arkansas,8.5,8.97,7.25,7.65,8.5,8.97,245.12,8.50[c],8.5,8.97,8.5,8.97,[c],3.7
2650,2017,California,10.0,10.55,7.25,7.65,10.0,10.55,245.12,10,10.0,10.55,10.0,10.55,,4.8
2651,2017,Colorado,9.3,9.81,7.25,7.65,9.3,9.81,245.12,9.3,9.3,9.81,9.3,9.81,,2.7
2652,2017,Connecticut,10.1,10.66,7.25,7.65,10.1,10.66,245.12,10.1,10.1,10.66,10.1,10.66,,4.7
2653,2017,Delaware,8.25,8.71,7.25,7.65,8.25,8.71,245.12,8.25,8.25,8.71,8.25,8.71,,4.5
2654,2017,District of Columbia,11.5,12.14,7.25,7.65,11.5,12.14,245.12,11.5,11.5,12.14,11.5,12.14,,6.1
2655,2017,Florida,8.1,8.55,7.25,7.65,8.1,8.55,245.12,8.1,8.1,8.55,8.1,8.55,,4.2
2656,2017,Georgia,5.15,5.43,7.25,7.65,7.25,7.65,245.12,5.15(d),5.15,5.43,5.15,5.43,(d),4.7
2658,2017,Hawaii,9.25,9.76,7.25,7.65,9.25,9.76,245.12,9.25,9.25,9.76,9.25,9.76,,2.4
2659,2017,Idaho,7.25,7.65,7.25,7.65,7.25,7.65,245.12,7.25,7.25,7.65,7.25,7.65,,3.2
2660,2017,Illinois,8.25,8.71,7.25,7.65,8.25,8.71,245.12,8.25[c],8.25,8.71,8.25,8.71,[c],4.9
2661,2017,Indiana,7.25,7.65,7.25,7.65,7.25,7.65,245.12,7.25(e),7.25,7.65,7.25,7.65,(e),3.6
2662,2017,Iowa,7.25,7.65,7.25,7.65,7.25,7.65,245.12,7.25,7.25,7.65,7.25,7.65,,3.1
2663,2017,Kansas,7.25,7.65,7.25,7.65,7.25,7.65,245.12,7.25,7.25,7.65,7.25,7.65,,3.7
2664,2017,Kentucky,7.25,7.65,7.25,7.65,7.25,7.65,245.12,7.25,7.25,7.65,7.25,7.65,,4.9
2665,2017,Louisiana,0.0,0.0,7.25,7.65,7.25,7.65,245.12,...,0.0,0.0,0.0,0.0,,5.1
2666,2017,Maine,9.0,9.5,7.25,7.65,9.0,9.5,245.12,9,9.0,9.5,9.0,9.5,,3.4
2667,2017,Maryland,8.75,9.23,7.25,7.65,8.75,9.23,245.12,8.75,8.75,9.23,8.75,9.23,,4.3
2668,2017,Massachusetts,11.0,11.61,7.25,7.65,11.0,11.61,245.12,11,11.0,11.61,11.0,11.61,,3.8
2669,2017,Michigan,8.9,9.39,7.25,7.65,8.9,9.39,245.12,8.90(e),8.9,9.39,8.9,9.39,(e),4.6
2670,2017,Minnesota,7.75,8.18,7.25,7.65,7.75,8.18,245.12,7.75-9.50(g),7.75,8.18,9.5,10.02,(g),3.4
2671,2017,Mississippi,0.0,0.0,7.25,7.65,7.25,7.65,245.12,...,0.0,0.0,0.0,0.0,,5.1
2672,2017,Missouri,7.7,8.13,7.25,7.65,7.7,8.13,245.12,7.7,7.7,8.13,7.7,8.13,,3.8
2673,2017,Montana,8.15,8.6,7.25,7.65,8.15,8.6,245.12,8.15(g),8.15,8.6,8.15,8.6,(g),3.9
2674,2017,Nebraska,9.0,9.5,7.25,7.65,9.0,9.5,245.12,9.00[c],9.0,9.5,9.0,9.5,[c],2.9
2675,2017,Nevada,7.25,7.65,7.25,7.65,7.25,7.65,245.12,7.25-8.25,7.25,7.65,8.25,8.71,,5.1
2676,2017,New Hampshire,7.25,7.65,7.25,7.65,7.25,7.65,245.12,7.25,7.25,7.65,7.25,7.65,,2.7
2677,2017,New Jersey,8.44,8.91,7.25,7.65,8.44,8.91,245.12,8.44,8.44,8.91,8.44,8.91,,4.6
2678,2017,New Mexico,7.5,7.91,7.25,7.65,7.5,7.91,245.12,7.5,7.5,7.91,7.5,7.91,,5.9
2679,2017,New York,9.7,10.24,7.25,7.65,9.7,10.24,245.12,9.7,9.7,10.24,9.7,10.24,,4.7
2680,2017,North Carolina,7.25,7.65,7.25,7.65,7.25,7.65,245.12,7.25,7.25,7.65,7.25,7.65,,4.5
2681,2017,North Dakota,7.25,7.65,7.25,7.65,7.25,7.65,245.12,7.25,7.25,7.65,7.25,7.65,,2.7
2682,2017,Ohio,8.15,8.6,7.25,7.65,8.15,8.6,245.12,8.15,8.15,8.6,8.15,8.6,,5.0
2683,2017,Oklahoma,2.0,2.11,7.25,7.65,7.25,7.65,245.12,2.00-7.25(g),2.0,2.11,7.25,7.65,(g),4.2
2684,2017,Oregon,9.75,10.29,7.25,7.65,9.75,10.29,245.12,9.75,9.75,10.29,9.75,10.29,,4.1
2685,2017,Pennsylvania,7.25,7.65,7.25,7.65,7.25,7.65,245.12,7.25,7.25,7.65,7.25,7.65,,4.9
2687,2017,Rhode Island,9.6,10.13,7.25,7.65,9.6,10.13,245.12,9.6,9.6,10.13,9.6,10.13,,4.4
2688,2017,South Carolina,0.0,0.0,7.25,7.65,7.25,7.65,245.12,...,0.0,0.0,0.0,0.0,,4.3
2689,2017,South Dakota,8.65,9.13,7.25,7.65,8.65,9.13,245.12,8.65,8.65,9.13,8.65,9.13,,3.2
2690,2017,Tennessee,0.0,0.0,7.25,7.65,7.25,7.65,245.12,...,0.0,0.0,0.0,0.0,,3.8
2691,2017,Texas,7.25,7.65,7.25,7.65,7.25,7.65,245.12,7.25,7.25,7.65,7.25,7.65,,4.3
2693,2017,Utah,7.25,7.65,7.25,7.65,7.25,7.65,245.12,7.25,7.25,7.65,7.25,7.65,,3.3
2694,2017,Vermont,10.0,10.55,7.25,7.65,10.0,10.55,245.12,10.00(e),10.0,10.55,10.0,10.55,(e),3.0
2695,2017,Virginia,7.25,7.65,7.25,7.65,7.25,7.65,245.12,7.25[c],7.25,7.65,7.25,7.65,[c],3.7
2696,2017,Washington,11.0,11.61,7.25,7.65,11.0,11.61,245.12,11,11.0,11.61,11.0,11.61,,4.7
2697,2017,West Virginia,8.75,9.23,7.25,7.65,8.75,9.23,245.12,8.75,8.75,9.23,8.75,9.23,,5.2
2698,2017,Wisconsin,7.25,7.65,7.25,7.65,7.25,7.65,245.12,7.25,7.25,7.65,7.25,7.65,,3.3
2699,2017,Wyoming,5.15,5.43,7.25,7.65,7.25,7.65,245.12,5.15,5.15,5.43,5.15,5.43,,4.2
2700,2018,Alabama,0.0,0.0,7.25,7.47,7.25,7.47,251.107,...,0.0,0.0,0.0,0.0,,3.9
2701,2018,Alaska,9.84,10.14,7.25,7.47,9.84,10.14,251.107,9.84,9.84,10.14,9.84,10.14,,6.6
2702,2018,Arizona,10.5,10.82,7.25,7.47,10.5,10.82,251.107,10.5,10.5,10.82,10.5,10.82,,4.8
2703,2018,Arkansas,8.5,8.76,7.25,7.47,8.5,8.76,251.107,8.50[c],8.5,8.76,8.5,8.76,[c],3.7
2704,2018,California,11.0,11.33,7.25,7.47,11.0,11.33,251.107,11,11.0,11.33,11.0,11.33,,4.2
2705,2018,Colorado,10.2,10.51,7.25,7.47,10.2,10.51,251.107,10.2,10.2,10.51,10.2,10.51,,3.3
2706,2018,Connecticut,10.1,10.4,7.25,7.47,10.1,10.4,251.107,10.1,10.1,10.4,10.1,10.4,,4.1
2707,2018,Delaware,8.25,8.5,7.25,7.47,8.25,8.5,251.107,8.25,8.25,8.5,8.25,8.5,,3.8
2708,2018,District of Columbia,13.25,13.65,7.25,7.47,13.25,13.65,251.107,13.25,13.25,13.65,13.25,13.65,,5.6
2709,2018,Florida,8.25,8.5,7.25,7.47,8.25,8.5,251.107,8.25,8.25,8.5,8.25,8.5,,3.6
2710,2018,Georgia,5.15,5.3,7.25,7.47,7.25,7.47,251.107,5.15(d),5.15,5.3,5.15,5.3,(d),3.9
2712,2018,Hawaii,10.1,10.4,7.25,7.47,10.1,10.4,251.107,10.1,10.1,10.4,10.1,10.4,,2.4
2713,2018,Idaho,7.25,7.47,7.25,7.47,7.25,7.47,251.107,7.25,7.25,7.47,7.25,7.47,,2.8
2714,2018,Illinois,8.25,8.5,7.25,7.47,8.25,8.5,251.107,8.25[c],8.25,8.5,8.25,8.5,[c],4.3
2715,2018,Indiana,7.25,7.47,7.25,7.47,7.25,7.47,251.107,7.25(e),7.25,7.47,7.25,7.47,(e),3.4
2716,2018,Iowa,7.25,7.47,7.25,7.47,7.25,7.47,251.107,7.25,7.25,7.47,7.25,7.47,,2.5
2717,2018,Kansas,7.25,7.47,7.25,7.47,7.25,7.47,251.107,7.25,7.25,7.47,7.25,7.47,,3.4
2718,2018,Kentucky,7.25,7.47,7.25,7.47,7.25,7.47,251.107,7.25,7.25,7.47,7.25,7.47,,4.3
2719,2018,Louisiana,0.0,0.0,7.25,7.47,7.25,7.47,251.107,...,0.0,0.0,0.0,0.0,,4.9
2720,2018,Maine,10.0,10.3,7.25,7.47,10.0,10.3,251.107,10,10.0,10.3,10.0,10.3,,3.4
2721,2018,Maryland,10.1,10.4,7.25,7.47,10.1,10.4,251.107,10.1,10.1,10.4,10.1,10.4,,3.9
2722,2018,Massachusetts,11.0,11.33,7.25,7.47,11.0,11.33,251.107,11,11.0,11.33,11.0,11.33,,3.3
2723,2018,Michigan,9.25,9.53,7.25,7.47,9.25,9.53,251.107,9.25(e),9.25,9.53,9.25,9.53,(e),4.1
2724,2018,Minnesota,8.04,8.28,7.25,7.47,8.04,8.28,251.107,8.04-9.86(g),8.04,8.28,9.86,10.16,(g),2.9
2725,2018,Mississippi,0.0,0.0,7.25,7.47,7.25,7.47,251.107,...,0.0,0.0,0.0,0.0,,4.8
2726,2018,Missouri,7.85,8.09,7.25,7.47,7.85,8.09,251.107,7.85,7.85,8.09,7.85,8.09,,3.2
2727,2018,Montana,8.3,8.55,7.25,7.47,8.3,8.55,251.107,8.30(g),8.3,8.55,8.3,8.55,(g),3.7
2728,2018,Nebraska,9.0,9.27,7.25,7.47,9.0,9.27,251.107,9.00[c],9.0,9.27,9.0,9.27,[c],2.8
2729,2018,Nevada,7.25,7.47,7.25,7.47,7.25,7.47,251.107,7.25-8.25,7.25,7.47,8.25,8.5,,4.6
2730,2018,New Hampshire,7.25,7.47,7.25,7.47,7.25,7.47,251.107,7.25,7.25,7.47,7.25,7.47,,2.5
2731,2018,New Jersey,8.6,8.86,7.25,7.47,8.6,8.86,251.107,8.6,8.6,8.86,8.6,8.86,,4.1
2732,2018,New Mexico,7.5,7.73,7.25,7.47,7.5,7.73,251.107,7.5,7.5,7.73,7.5,7.73,,4.9
2733,2018,New York,10.4,10.71,7.25,7.47,10.4,10.71,251.107,10.4,10.4,10.71,10.4,10.71,,4.1
2734,2018,North Carolina,7.25,7.47,7.25,7.47,7.25,7.47,251.107,7.25,7.25,7.47,7.25,7.47,,3.9
2735,2018,North Dakota,7.25,7.47,7.25,7.47,7.25,7.47,251.107,7.25,7.25,7.47,7.25,7.47,,2.6
2736,2018,Ohio,8.3,8.55,7.25,7.47,8.3,8.55,251.107,8.3,8.3,8.55,8.3,8.55,,4.6
2737,2018,Oklahoma,2.0,2.06,7.25,7.47,7.25,7.47,251.107,2.00-7.25(g),2.0,2.06,7.25,7.47,(g),3.4
2738,2018,Oregon,10.75,11.07,7.25,7.47,10.75,11.07,251.107,10.75,10.75,11.07,10.75,11.07,,4.2
2739,2018,Pennsylvania,7.25,7.47,7.25,7.47,7.25,7.47,251.107,7.25,7.25,7.47,7.25,7.47,,4.3
2741,2018,Rhode Island,10.1,10.4,7.25,7.47,10.1,10.4,251.107,10.1,10.1,10.4,10.1,10.4,,4.1
2742,2018,South Carolina,0.0,0.0,7.25,7.47,7.25,7.47,251.107,...,0.0,0.0,0.0,0.0,,3.4
2743,2018,South Dakota,8.85,9.12,7.25,7.47,8.85,9.12,251.107,8.85,8.85,9.12,8.85,9.12,,3.0
2744,2018,Tennessee,0.0,0.0,7.25,7.47,7.25,7.47,251.107,...,0.0,0.0,0.0,0.0,,3.5
2745,2018,Texas,7.25,7.47,7.25,7.47,7.25,7.47,251.107,7.25,7.25,7.47,7.25,7.47,,3.9
2747,2018,Utah,7.25,7.47,7.25,7.47,7.25,7.47,251.107,7.25,7.25,7.47,7.25,7.47,,3.1
2748,2018,Vermont,10.5,10.82,7.25,7.47,10.5,10.82,251.107,10.50(e),10.5,10.82,10.5,10.82,(e),2.7
2749,2018,Virginia,7.25,7.47,7.25,7.47,7.25,7.47,251.107,7.25[c],7.25,7.47,7.25,7.47,[c],3.0
2750,2018,Washington,11.5,11.85,7.25,7.47,11.5,11.85,251.107,11.5,11.5,11.85,11.5,11.85,,4.5
2751,2018,West Virginia,8.75,9.01,7.25,7.47,8.75,9.01,251.107,8.75,8.75,9.01,8.75,9.01,,5.3
2752,2018,Wisconsin,7.25,7.47,7.25,7.47,7.25,7.47,251.107,7.25,7.25,7.47,7.25,7.47,,3.0
2753,2018,Wyoming,5.15,5.3,7.25,7.47,7.25,7.47,251.107,5.15,5.15,5.3,5.15,5.3,,4.1
2808,2020,Alabama,0.0,0.0,7.25,7.25,7.25,7.25,258.66,...,0.0,0.0,0.0,0.0,,4.9
2809,2020,Alaska,10.19,10.19,7.25,7.25,10.19,10.19,258.66,10.19,10.19,10.19,10.19,10.19,,3.1
2810,2020,Arizona,12.0,12.0,7.25,7.25,12.0,12.0,258.66,12,12.0,12.0,12.0,12.0,,4.9
2811,2020,Arkansas,10.0,10.0,7.25,7.25,10.0,10.0,258.66,10,10.0,10.0,10.0,10.0,,3.8
2812,2020,California,13.0,13.0,7.25,7.25,13.0,13.0,258.66,13,13.0,13.0,13.0,13.0,,2.9
2813,2020,Colorado,12.0,12.0,7.25,7.25,12.0,12.0,258.66,12,12.0,12.0,12.0,12.0,,5.3
2814,2020,Connecticut,11.0,11.0,7.25,7.25,11.0,11.0,258.66,11,11.0,11.0,11.0,11.0,,5.1
2815,2020,Delaware,9.25,9.25,7.25,7.25,9.25,9.25,258.66,9.25,9.25,9.25,9.25,9.25,,6.0
2816,2020,District of Columbia,14.0,14.0,7.25,7.25,14.0,14.0,258.66,14,14.0,14.0,14.0,14.0,,2.7
2817,2020,Florida,8.56,8.56,7.25,7.25,8.56,8.56,258.66,8.56,8.56,8.56,8.56,8.56,,2.6
2818,2020,Georgia,5.15,5.15,7.25,7.25,7.25,7.25,258.66,5.15(d),5.15,5.15,5.15,5.15,(d),2.5
2820,2020,Hawaii,10.1,10.1,7.25,7.25,10.1,10.1,258.66,10.1,10.1,10.1,10.1,10.1,,3.9
2821,2020,Idaho,7.25,7.25,7.25,7.25,7.25,7.25,258.66,7.25,7.25,7.25,7.25,7.25,,2.7
2822,2020,Illinois,9.25,9.25,7.25,7.25,9.25,9.25,258.66,9.25[c],9.25,9.25,9.25,9.25,[c],3.2
2823,2020,Indiana,7.25,7.25,7.25,7.25,7.25,7.25,258.66,7.25(e),7.25,7.25,7.25,7.25,(e),3.7
2824,2020,Iowa,7.25,7.25,7.25,7.25,7.25,7.25,258.66,7.25,7.25,7.25,7.25,7.25,,3.3
2825,2020,Kansas,7.25,7.25,7.25,7.25,7.25,7.25,258.66,7.25,7.25,7.25,7.25,7.25,,5.3
2826,2020,Kentucky,7.25,7.25,7.25,7.25,7.25,7.25,258.66,7.25,7.25,7.25,7.25,7.25,,3.2
2827,2020,Louisiana,0.0,0.0,7.25,7.25,7.25,7.25,258.66,...,0.0,0.0,0.0,0.0,,3.5
2828,2020,Maine,12.0,12.0,7.25,7.25,12.0,12.0,258.66,12,12.0,12.0,12.0,12.0,,2.9
2829,2020,Maryland,11.0,11.0,7.25,7.25,11.0,11.0,258.66,11,11.0,11.0,11.0,11.0,,4.2
2830,2020,Massachusetts,12.75,12.75,7.25,7.25,12.75,12.75,258.66,12.75,12.75,12.75,12.75,12.75,,3.6
2831,2020,Michigan,9.65,9.65,7.25,7.25,9.65,9.65,258.66,9.65(e),9.65,9.65,9.65,9.65,(e),3.2
2832,2020,Minnesota,8.15,8.15,7.25,7.25,8.15,8.15,258.66,8.15-10.00(g),8.15,8.15,10.0,10.0,(g),4.0
2833,2020,Mississippi,0.0,0.0,7.25,7.25,7.25,7.25,258.66,...,0.0,0.0,0.0,0.0,,2.6
2834,2020,Missouri,9.45,9.45,7.25,7.25,9.45,9.45,258.66,9.45,9.45,9.45,9.45,9.45,,3.9
2835,2020,Montana,8.65,8.65,7.25,7.25,8.65,8.65,258.66,8.65(g),8.65,8.65,8.65,8.65,(g),3.7
2836,2020,Nebraska,9.0,9.0,7.25,7.25,9.0,9.0,258.66,9.00[c],9.0,9.0,9.0,9.0,[c],5.1
2837,2020,Nevada,7.25,7.25,7.25,7.25,7.25,7.25,258.66,7.25-8.25,7.25,7.25,8.25,8.25,,5.0
2838,2020,New Hampshire,7.25,7.25,7.25,7.25,7.25,7.25,258.66,7.25,7.25,7.25,7.25,7.25,,4.7
2839,2020,New Jersey,11.0,11.0,7.25,7.25,11.0,11.0,258.66,11,11.0,11.0,11.0,11.0,,4.8
2840,2020,New Mexico,9.0,9.0,7.25,7.25,9.0,9.0,258.66,9,9.0,9.0,9.0,9.0,,3.1
2841,2020,New York,11.8,11.8,7.25,7.25,11.8,11.8,258.66,11.8,11.8,11.8,11.8,11.8,,6.4
2842,2020,North Carolina,7.25,7.25,7.25,7.25,7.25,7.25,258.66,7.25,7.25,7.25,7.25,7.25,,5.3
2843,2020,North Dakota,7.25,7.25,7.25,7.25,7.25,7.25,258.66,7.25,7.25,7.25,7.25,7.25,,4.9
2844,2020,Ohio,8.7,8.7,7.25,7.25,8.7,8.7,258.66,8.7,8.7,8.7,8.7,8.7,,2.3
2845,2020,Oklahoma,2.0,2.0,7.25,7.25,7.25,7.25,258.66,2.00-7.25(g),2.0,2.0,7.25,7.25,(g),3.0
2846,2020,Oregon,11.25,11.25,7.25,7.25,11.25,11.25,258.66,11.25,11.25,11.25,11.25,11.25,,5.1
2847,2020,Pennsylvania,7.25,7.25,7.25,7.25,7.25,7.25,258.66,7.25,7.25,7.25,7.25,7.25,,3.6
2849,2020,Rhode Island,10.5,10.5,7.25,7.25,10.5,10.5,258.66,10.5,10.5,10.5,10.5,10.5,,2.6
2850,2020,South Carolina,0.0,0.0,7.25,7.25,7.25,7.25,258.66,...,0.0,0.0,0.0,0.0,,5.2
2851,2020,South Dakota,9.3,9.3,7.25,7.25,9.3,9.3,258.66,9.3,9.3,9.3,9.3,9.3,,3.5
2852,2020,Tennessee,0.0,0.0,7.25,7.25,7.25,7.25,258.66,...,0.0,0.0,0.0,0.0,,5.4
2853,2020,Texas,7.25,7.25,7.25,7.25,7.25,7.25,258.66,7.25,7.25,7.25,7.25,7.25,,4.0
2855,2020,Utah,7.25,7.25,7.25,7.25,7.25,7.25,258.66,7.25,7.25,7.25,7.25,7.25,,3.7
2856,2020,Vermont,10.96,10.96,7.25,7.25,10.96,10.96,258.66,10.96(e),10.96,10.96,10.96,10.96,(e),4.5
2857,2020,Virginia,7.25,7.25,7.25,7.25,7.25,7.25,258.66,7.25[c],7.25,7.25,7.25,7.25,[c],3.8
2858,2020,Washington,13.5,13.5,7.25,7.25,13.5,13.5,258.66,13.5,13.5,13.5,13.5,13.5,,2.7
2859,2020,West Virginia,8.75,8.75,7.25,7.25,8.75,8.75,258.66,8.75,8.75,8.75,8.75,8.75,,3.8
2860,2020,Wisconsin,7.25,7.25,7.25,7.25,7.25,7.25,258.66,7.25,7.25,7.25,7.25,7.25,,3.9
2861,2020,Wyoming,5.15,5.15,7.25,7.25,7.25,7.25,258.66,5.15,5.15,5.15,5.15,5.15,,2.1
